sku,name,currentCategoryName,suggestedCategoryName,suggestedSubcategoryName,suggestedTags,suggestedContext
"1000","PLACA DE CARGA BEST SAMSUNG M32 4G TURBO","Placa de Carga","Placa de Carga","","placa de carga|samsung|best|turbo|m32 4g",""
"1003","FLEX MAIN SAMSUNG A33 ","Main Flex","Main Flex","","main flex|samsung|a33",""
"1005","ALTAVOZ SAMSUNG A21 ","Parlante","Parlante","","parlante|samsung|a21",""
"1011","BATERIA FOXCONN IPHONE 12/12 PRO  CAJA NEGRA","Baterías","Baterias","","baterias|iphone|foxconn|12|12 pro",""
"1013","PASTA TERMICA YNPJ G190 30G","Herramientas e insumos","Herramientas e insumos","HERRAMIENTAS VARIAS","herramientas e insumos|g190",""
"1017","ALTAVOZ XIAOMI MI 11 LITE","Parlante","Parlante","","parlante|xiaomi|11 lite",""
"1021","TAPA IPHONE 16 PRO MAX CON MAGSAFE GRIS CLARO","Tapas","Tapas","","tapas|iphone|16 pro max",""
"1025","TAPAS MOTOROLA G60S AZUL MARINO","Tapas","Tapas","","tapas|motorola|moto",""
"","MODULO VEZR XIAOMI REDMI 14C / POCO C75 / A4 5G","Modulos","Modulos","","modulos|xiaomi|redmi|poco|vezr|a4 5g",""
"1031","VISOR DE CAMARA MOTO E5 PLUS","Visor de Camara","Visor de Camara","","visor de camara|moto|e5 plus|lente camara|vidrio camara","Es visor/lente/vidrio externo de camara. No es camara frontal ni camara trasera completa."
"1040","MODULO JCID IPHONE 14","Modulos","Modulos","","modulos|iphone|jcid|14",""
"1049","PORTA SIM SAMSUNG A23 4G NEGRO","Porta Sim","Porta Sim","","porta sim|samsung|a23 4g",""
"3613","TAPAS IPHONE 14 BLANCO","Tapas","Tapas","","tapas|iphone|14",""
"1056","GLASS + OCA MOTOROLA G53","Glass","Glass","","glass|motorola|moto|g53","Es glass/tactil/OCA, no modulo completo de pantalla."
"1058","PLACA DE CARGA VEZR XIAOMI REDMI 13C/C65 TURBO ","Placa de Carga","Placa de Carga","","placa de carga|xiaomi|redmi|vezr|turbo",""
"1066","BATERIA VEZR SAMSUNG S24 / EB-BS922ABY","Baterías","Baterias","","baterias|samsung|vezr|s24",""
"1070","BATERÍA VEZR SAMSUNG A02S / A03 / A03S / A04 / A04E HQ-50S","Baterías","Baterias","","baterias|samsung|vezr|a03|a04",""
"1071","IC DE CARGA 13 PRO MAX TIGRIS","Ic de Carga","","","13 pro max",""
"1002","BATERIA VEZR SAMSUNG  SLC50 A03 CORE ","Baterías","Baterias","","baterias|samsung|vezr|a03",""
"1010","MALLA DESOLDANTE GOOT WICK","Herramientas e insumos","Herramientas e insumos","HERRAMIENTAS VARIAS","herramientas e insumos","Producto de herramientas e insumos para tecnico reparador."
"1015","PUNTA P/ CAUTIN T12 RELIFE J","Herramientas e insumos","Herramientas e insumos","","herramientas e insumos",""
"3332","MODULO SVC A31 C/M","Modulos","Modulos","","modulos|a31",""
"1016","VISOR DE CAMARA MOTO G10 / G20 / G30 ROSA","Visor de Camara","Visor de Camara","","visor de camara|moto|g10|g20|g30|lente camara|vidrio camara","Es visor/lente/vidrio externo de camara. No es camara frontal ni camara trasera completa."
"1022","TAPA IPHONE 16 VERDE TEAL CON MAGSAFE","Tapas","Tapas","","tapas|iphone|16",""
"1024","PLACA DE CARGA VEZR SAMSUNG A22 5G TURBO","Placa de Carga","Placa de Carga","","placa de carga|samsung|vezr|turbo|a22 5g",""
"1026","ALTAVOZ SAMSUNG A10S","Parlante","Parlante","","parlante|samsung",""
"1027","VIDRIO OCA+TACTIL IPHONE 11 PRO","Glass","Glass","","glass|iphone|11 pro","Es glass/tactil/OCA, no modulo completo de pantalla."
"1028","MODULO MOTO G6 PINK S/M","Modulos","Modulos","","modulos|moto|g6",""
"1029","TAPA SAMSUNG A24 LILA","Tapas","Tapas","","tapas|samsung|a24",""
"1030","MODULO LCD ZTE BLADE A72S / V40 VITA / V40 SMART / V41 / A72 / A72 4G   S/M ","Modulos","Modulos","","modulos|zte|a72|a72 4g",""
"1035","KIT DE BLINDAJES 13 PRO MAX","Blindajes","","","13 pro max",""
"3391","CAMARA TRASERA SAMSUNG A12 AMARILLO","Camaras","Camaras","","camaras|samsung|a12","Es camara completa del equipo, no visor/lente externo de camara."
"1045","TAPAS MOTOROLA G32 NEGRO","Tapas","Tapas","","tapas|motorola|moto|g32",""
"3780","MODULO SAMSUNG GALAXY S21 ULTRA SOFT OLED C/M","Modulos","Modulos","","modulos|samsung|oled|s21 ultra",""
"1048","ESTACION DE SOLDADO AIFEN A9 PRO","Herramientas e insumos","Herramientas e insumos","HERRAMIENTAS VARIAS","herramientas e insumos|a9 pro","Producto de herramientas e insumos para tecnico reparador."
"3742","FLEX HUELLA SAMSUNG A33 ","Sensor Huella","","","samsung|a33",""
"1052","MODULO LCD ZTE BLADE V50 DESING S/M","Modulos","Modulos","","modulos|zte",""
"1054","MODULO OLED MOTO G72 S/M","Modulos","Modulos","","modulos|moto|oled|g72",""
"1057","GLASS + OCA S6 EDGE AZUL","Glass","Glass","","glass|s6","Es glass/tactil/OCA, no modulo completo de pantalla."
"3515","REMOVEDOR DE CRISTAL RL-085","Herramientas e insumos","","","085",""
"1061","PLACA MADRE IPHONE 7 ","Placas","","","iphone|7",""
"1067","KIT DE BLINDAJES IPHONE 11 PRO MAX","Blindajes","","","iphone|11 pro max",""
"1069","BATERIA VEZR MOTOROLA MOTO G14 / G54 / PC50","Baterías","Baterias","","baterias|motorola|moto|vezr|g14|g54",""
"3671","BRAZO SOPORTE RELIFE RL-M28","Herramientas e insumos","Herramientas e insumos","HERRAMIENTAS VARIAS","herramientas e insumos|m28",""
"1001","PLACA MADRE S6","Placas","","","s6",""
"1007","MODULO OLED HUAWEI Y5 2018 S/M","Modulos","Modulos","","modulos|huawei|oled",""
"1008","SEPARADOR DE MODULOS SUNSHINE SS-601G","Herramientas e insumos","Modulos","","modulos",""
"1018","BATERIA MECHANIC MOTOROLA MOTO G71 / NG50 ","Baterías","Baterias","","baterias|motorola|moto|mechanic|g71",""
"1020","SOPORTE PARA PLACA RELIFE RL-TF2 PLUS","Herramientas e insumos","Herramientas e insumos","HERRAMIENTAS VARIAS","herramientas e insumos",""
"1023","FLEX SPEAKER SENSOR IPHONE 14","Speaker","Parlante","","parlante|iphone|14",""
"3506","TAPAS SAMSUNG A02S NEGRO","Tapas","Tapas","","tapas|samsung",""
"3096","TORNILLOS IP 8","Tornillos","","","8",""
"1033","PORTA SIM IPHONE 12 PRO NEGRO","Porta Sim","Porta Sim","","porta sim|iphone|12 pro",""
"3670"," MODULO LCD TCL 305 / 305I / 305E / 30SE","Modulos","Modulos","","modulos|tcl|305",""
"1034","ELECTRIC GLUE REMOVER MA ANT CJ-1","Herramientas e insumos","","","1",""
"1036","KIT BLINDAJES IPHONE 13","Blindajes","","","iphone|13",""
"1037","DESTORNILLADOR GRIFFIN N12 0.8","Herramientas e insumos","Herramientas e insumos","HERRAMIENTAS VARIAS","herramientas e insumos|0|8",""
"1041","BATERIA FOXCONN IPHONE 8G CAJA NEGRA","Baterías","Baterias","","baterias|iphone|foxconn",""
"3725","FLEX HUELLA SAMSUNG A05S PRETO ","Flex home","","","samsung",""
"1051","GLASS P9 LITE","Glass","Glass","","glass","Es glass/tactil/OCA, no modulo completo de pantalla."
"3210","ALTAVOZ IPHONE SE","Parlante","Parlante","","parlante|iphone",""
"1053","GLASS + OCA SAMSUNG A22 4G","Glass","Glass","","glass|samsung|a22 4g","Es glass/tactil/OCA, no modulo completo de pantalla."
"1055","GLASS + OCA LG K71","Glass","Glass","","glass|lg","Es glass/tactil/OCA, no modulo completo de pantalla."
"1059","TAPA DE IPHONE 16 PRO CON MAGSAFE BLANCO","Tapas","Tapas","","tapas|iphone|16 pro",""
"1068","TAPA IPHONE 12 PRO AZUL","Tapas","Tapas","","tapas|iphone|12 pro",""
"3710","CHASIS IPHONE 12 PRO BLANCO","Chasis","Chasis","","chasis|iphone|12 pro",""
"1074","VISOR DE CAMARA MOTO G10 / G20 / G30 GRIS","Visor de Camara","Visor de Camara","","visor de camara|moto|g10|g20|g30|lente camara|vidrio camara","Es visor/lente/vidrio externo de camara. No es camara frontal ni camara trasera completa."
"1004","ESTAÑO EN PASTA 138C PPD WONENG","Herramientas e insumos","Herramientas e insumos","HERRAMIENTAS VARIAS","herramientas e insumos","Producto de herramientas e insumos para tecnico reparador."
"3550","PLACA DE CARGA INFINIX SMART 7","Placa de Carga","Placa de Carga","","placa de carga|7",""
"1006","PLACA DE CARGA BEST MOTO EDGE 50 NEO TURBO","Placa de Carga","Placa de Carga","","placa de carga|moto|best|turbo|edge 50 neo",""
"1009","PLACA DE CARGA MASTERFIX SAMSUNG GALAXY S20 ULTRA","Placa de Carga","Placa de Carga","","placa de carga|samsung|masterfix|s20 ultra",""
"1012","PLACA DE CARGA VEZR XIAOMI RM NOTE 12 PRO 4G TURBO ","Placa de Carga","Placa de Carga","","placa de carga|xiaomi|vezr|turbo|note 12 pro",""
"1014","CAMARA FRONTAL SAMSUNG A20","Camaras","Camaras","","camaras|samsung|a20","Es camara completa del equipo, no visor/lente externo de camara."
"1019","FPC SAMSUNG A24","FPC","","","samsung|a24",""
"3765","ESTAÑO EN PASTA LUOWEI 138C","Herramientas e insumos","Herramientas e insumos","HERRAMIENTAS VARIAS","herramientas e insumos","Producto de herramientas e insumos para tecnico reparador."
"3209","ALTAVOZ IPHONE 6 PLUS","Parlante","Parlante","","parlante|iphone|6 plus",""
"3115","TAG ON JCID BATERIA IPHONE 11 PRO/11 PRO MAX","Tag on","Baterias","","baterias|iphone|jcid|11 pro|11 pro max",""
"3254","FLEX DE CARGA VEZR IPHONE 8G","Flex de Carga","Flex de Carga","","flex de carga|iphone|vezr",""
"1038","MODULO SUNLONG SAMSUNG S24 ULTRA C/M","Modulos","Modulos","","modulos|samsung|sunlong|s24 ultra",""
"1039","ESTACION DE CALOR QUICK 861DW 220V","Herramientas e insumos","Herramientas e insumos","HERRAMIENTAS VARIAS","herramientas e insumos","Producto de herramientas e insumos para tecnico reparador."
"1042","FLEX MAIN XIAOMI NOTE 9","Main Flex","Main Flex","","main flex|xiaomi|note 9",""
"1043","VIDRIO + OCA IP 11 PRO MAX","Glass","Glass","","glass|11 pro max","Es glass/tactil/OCA, no modulo completo de pantalla."
"1044","BATERIA VEZR SAMSUNG S22 PLUS / EB-BS906ABY","Baterías","Baterias","","baterias|samsung|vezr|s22 plus",""
"1047","EXTRACTOR DE HUMO P/ TRINO RELIFE RL-6600 GRIS","Herramientas e insumos","Herramientas e insumos","","herramientas e insumos",""
"1050","TAPA MOTOROLA G100 AZUL","Tapas","Tapas","","tapas|motorola|moto|g100",""
"3024","BATERIA SONY E2003","Baterías","Baterias","","baterias",""
"3187","PLACA MADRE IPHONE 13 PRO","Placas","","","iphone|13 pro",""
"1060","PLACA MADRE DE IPHONE 8 PLUS","Placas","","","iphone|8 plus",""
"1062","LECTOR DE SIM IPHONE 11 ","Socalo de Sim","","","iphone|11",""
"1063","MODULO SUNLONG SAMSUNG A13","Modulos","Modulos","","modulos|samsung|sunlong|a13",""
"1064","PLACA DE CARGA VEZR MOTOROLA G34 TURBO","Placa de Carga","Placa de Carga","","placa de carga|motorola|moto|vezr|turbo|g34",""
"1065","FPC DE SAMSUNG A51/A30S/A31/A70/A71","FPC","","","samsung|a51|a31|a70|a71",""
"1072","SOPORTE PARA PLACA YCS H03","Herramientas e insumos","Herramientas e insumos","HERRAMIENTAS VARIAS","herramientas e insumos",""
"1078","ALTAVOZ SAMSUNG A01 ","Parlante","Parlante","","parlante|samsung|a01",""
"1079","PLACA DE CARGA SVC SAMSUNG A04 E/ CAJA","Placa de Carga","Placa de Carga","","placa de carga|samsung|a04",""
"1084","BATERIA DIAGNOSTICO IPHONE IPHONE 12 MINI ","Baterías","Baterias","","baterias|iphone|12",""
"1085","ALTAVOZ SAMSUNG A11","Parlante","Parlante","","parlante|samsung|a11",""
"1086","FPC SAMSUNG S21 FE N°1","FPC","","","samsung|s21 fe|1",""
"3760","PAQUETE DE LAMINA P/ HIDROGEL GRIFFIN GF-1916 CLEAR","","Glass","","glass",""
"1089","BATERIA DIAGNOSTICO IPHONE 15","Baterías","Baterias","","baterias|iphone|15",""
"1094","MODULO LCD MOTOROLA E30/E40 S/M XT2159","Modulos","Modulos","","modulos|motorola|moto|e30|e40",""
"1095","FPC SAMSUNG S21","FPC","","","samsung|s21",""
"1102","PLACA DE CARGA MECHANIC A04S/A047F","Placa de Carga","Placa de Carga","","placa de carga|mechanic",""
"1107","PORTA SIM MOTO G22 CELESTE","Porta Sim","Porta Sim","","porta sim|moto|g22",""
"1108","GLASS + OCA G7 PLUS","Glass","Glass","","glass|g7 plus","Es glass/tactil/OCA, no modulo completo de pantalla."
"3648","FLEX POWER/HUELLA SM A12 ROJO","Power Flex","","","a12",""
"1113","FPC SAMSUNG S23 ULTRA","FPC","","","samsung|s23 ultra",""
"1114","poco x5 pro","Parlante","","","poco",""
"1120","BATERIA FOXCONN IPHONE 8g","Baterías","Baterias","","baterias|iphone|foxconn",""
"1122","BATERIA NO-POP-UP IPHONE 11 PRO MAX","Baterías","Baterias","","baterias|iphone|11 pro max",""
"1130","GLASS + OCA SAMSUNG A21","Glass","Glass","","glass|samsung|a21","Es glass/tactil/OCA, no modulo completo de pantalla."
"1131","VISOR DE CAMARA LG K41S","Visor de Camara","Visor de Camara","","visor de camara|lg|lente camara|vidrio camara","Es visor/lente/vidrio externo de camara. No es camara frontal ni camara trasera completa."
"3069","TAPAS SAMSUNG A520 CELESTE","Tapas","Tapas","","tapas|samsung|a520",""
"1136","PLACA DE CARGA VEZR MOTO E6 PLAY TURBO ","Placa de Carga","Placa de Carga","","placa de carga|moto|vezr|turbo|e6 play",""
"1139","MODULO TFT INFINIX HOT 50 PRO / ITEL S25 S/M","Modulos","Modulos","","modulos|tft|50 pro|s25",""
"1146","PRECALENTADOR DE PLACA  XZZ L2023 X-17","Herramientas e insumos","","","17",""
"1152","ESPATULA PARA REBALLING DOBLE 2UUL DA-19","Herramientas e insumos","","","19",""
"3782","ESTACION DE SOLDADO (CAUTIN) AIFEN A9 PLUS","Herramientas e insumos","Herramientas e insumos","HERRAMIENTAS VARIAS","herramientas e insumos|a9 plus","Producto de herramientas e insumos para tecnico reparador."
"1156","FLEX POWER + HUELLA SAMSUNG A14 AZUL","Power Flex","","","samsung|a14",""
"1081","BATERIA NO-POP-UP IPHONE 14 PRO","Baterías","Baterias","","baterias|iphone|14 pro",""
"3716","MODULO EXTENSIÓN PRECALENTADORA XZZ L2023","Herramientas e insumos","Modulos","","modulos",""
"1090","CAMARA FRONTAL A30S","Camaras","Camaras","","camaras","Es camara completa del equipo, no visor/lente externo de camara."
"1091","PLACA DE CARGA A52","Placa de Carga","Placa de Carga","","placa de carga|a52",""
"1092","CABLE DE ALIMENTACION (PULPO) P/ IPHONE Y ANDROID LUOWEI LW-325 ","Herramientas e insumos","Herramientas e insumos","","herramientas e insumos|iphone|325",""
"1096","MANTA RELIFE RL-160A AZUL","Herramientas e insumos","Herramientas e insumos","","herramientas e insumos",""
"1097","MODULO AMERICANO SAMSUNG A25 (A256) C/M","Modulos","Modulos","","modulos|samsung|a25|a256",""
"1098","PORTA SIM SAMSUNG A72 NEGRO","Porta Sim","Porta Sim","","porta sim|samsung|a72",""
"1112","PLACA DE CARGA VEZR XIAOMI REDMI A3 TURBO ","Placa de Carga","Placa de Carga","","placa de carga|xiaomi|redmi|vezr|turbo|a3",""
"1124","PORTA SIM IPHONE 11 NEGRO","Porta Sim","Porta Sim","","porta sim|iphone|11",""
"1126","FLEX MAIN XIAOMI REDMI 9","Main Flex","Main Flex","","main flex|xiaomi|redmi|9",""
"1129","VISOR DE CAMARA SAMSUNG S22 ULTRA ","Visor de Camara","Visor de Camara","","visor de camara|samsung|s22 ultra|lente camara|vidrio camara","Es visor/lente/vidrio externo de camara. No es camara frontal ni camara trasera completa."
"3262","FLEX DE CARGA VEZR IPHONE XS","Flex de Carga","Flex de Carga","","flex de carga|iphone|vezr",""
"2983","BATERÍA FOXCONN IPHONE 11 PRO MAX","Baterías","Baterias","","baterias|iphone|foxconn|11 pro max",""
"3772","TAPA DE IPHONE 16 PRO MAX CON MAGSAFE DORADO","Tapas","Tapas","","tapas|iphone|16 pro max",""
"1140","MANTA RELIFE RL-004D CELESTE","Herramientas e insumos","Herramientas e insumos","","herramientas e insumos",""
"1144","CHASIS IPHONE 12 AZUL","Chasis","Chasis","","chasis|iphone|12",""
"1147","ESTAÑO EN PASTA YCS 138c","Herramientas e insumos","Herramientas e insumos","HERRAMIENTAS VARIAS","herramientas e insumos","Producto de herramientas e insumos para tecnico reparador."
"1148","PLACA DE CARGA VEZR XIAOMI NOTE 12 4G TURBO","Placa de Carga","Placa de Carga","","placa de carga|xiaomi|vezr|turbo|note 12 4g",""
"1149","ESTAÑO EN PASTA YCS 183c","Herramientas e insumos","Herramientas e insumos","HERRAMIENTAS VARIAS","herramientas e insumos","Producto de herramientas e insumos para tecnico reparador."
"1150","PORTA SIM IPHONE 12 PRO MAX DORADO","Porta Sim","Porta Sim","","porta sim|iphone|12 pro max",""
"1157","FLEX MAIN XIAOMI REDMI 9S","Main Flex","Main Flex","","main flex|xiaomi|redmi",""
"1076","BATERÍA VEZR XIAOMI 12C / POCO C55 / BN5K","Baterías","Baterias","","baterias|xiaomi|poco|vezr",""
"3787","GLASS + OCA SAMSUNG S22 ","Glass","Glass","","glass|samsung|s22","Es glass/tactil/OCA, no modulo completo de pantalla."
"1083","TAPA IPHONE 16 AZUL ULTRAMAR CON MAGSAFE","Tapas","Tapas","","tapas|iphone|16",""
"1087","MODULO VEZR IPHONE XS MAX","Modulos","Modulos","","modulos|iphone|vezr",""
"1093","PLACA DE CARGA MOTOROLA G7 PLAY (AAA)","Placa de Carga","Placa de Carga","","placa de carga|motorola|moto|aaa|g7 play",""
"1100","PORTA SIM SAMSUNG A03S AZUL","Porta Sim","Porta Sim","","porta sim|samsung",""
"1105","MODULO ORIG ZTE BLADE A52 S/M","Modulos","Modulos","","modulos|zte|a52",""
"1106","PORTA SIM SM J5 PRIME/ J7 PRIME NEGRO","Porta Sim","Porta Sim","","porta sim|j5|j7",""
"1109","FLEX MAIN MOTO EDGE 20 PRO","Main Flex","Main Flex","","main flex|moto|edge 20 pro",""
"1111","VISOR DE CAMARA XIAOMI MI 11T PRO","Visor de Camara","Visor de Camara","","visor de camara|xiaomi|lente camara|vidrio camara","Es visor/lente/vidrio externo de camara. No es camara frontal ni camara trasera completa."
"1115","BATERIA DIAGNOSTICO IPHONE 13","Baterías","Baterias","","baterias|iphone|13",""
"1117","VISOR DE CAMARA SAMSUNG A05","Visor de Camara","Visor de Camara","","visor de camara|samsung|a05|lente camara|vidrio camara","Es visor/lente/vidrio externo de camara. No es camara frontal ni camara trasera completa."
"1118","ESTACION DE SOLDADURA SUNSHINE GVM T12 ","Herramientas e insumos","Herramientas e insumos","HERRAMIENTAS VARIAS","herramientas e insumos","Producto de herramientas e insumos para tecnico reparador."
"1119","PLACA DE CARGA VEZR SAMSUNG A05 TURBO ","Placa de Carga","Placa de Carga","","placa de carga|samsung|vezr|turbo|a05",""
"1121","PLACA DE CARGA XIAOMI REDMI 10 4G TURBO ","Placa de Carga","Placa de Carga","","placa de carga|xiaomi|redmi|turbo|10 4g",""
"1125","FLEX MAIN SAMSUNG A30S","Main Flex","Main Flex","","main flex|samsung",""
"1127","PLACA DE CARGA VEZR SAMSUNG GALAXY S21 PLUS CAJITA","Placa de Carga","Placa de Carga","","placa de carga|samsung|vezr|s21 plus",""
"3276","MODULO OLED LG LEON C/M","Modulos","Modulos","","modulos|lg|oled",""
"3547","PLACA DE CARGA INFINIX CAMON 18","Placa de Carga","Placa de Carga","","placa de carga|18",""
"3608","TAPAS IPHONE 12 MINI BLANCO","Tapas","Tapas","","tapas|iphone|12",""
"1133","MODULO SUNLONG OLED IPHONE 13","Modulos","Modulos","","modulos|iphone|sunlong|oled|13",""
"1134","VISOR DE CAMARA SAMSUNG S23 PLUS","Visor de Camara","Visor de Camara","","visor de camara|samsung|s23 plus|lente camara|vidrio camara","Es visor/lente/vidrio externo de camara. No es camara frontal ni camara trasera completa."
"1135","IC DE CARGA KRAKEN 12 A 12PM","Ic de Carga","","","12",""
"1138","MODULO VEZR MOTOROLA G60 / G60S / G51 SM","Modulos","Modulos","","modulos|motorola|moto|vezr|g60|g51",""
"3153","MARCO ORIG 14 PRO","","","","14 pro",""
"1143","PORTA SIM MOTO G04 ","Porta Sim","Porta Sim","","porta sim|moto|g04",""
"1145","PLACA DE CARGA SUN MOTO G04/G04S/e14","Placa de Carga","Placa de Carga","","placa de carga|moto|g04|e14",""
"1151","PORTA SIM IPHONE 11 PRO NEGRO","Porta Sim","Porta Sim","","porta sim|iphone|11 pro",""
"1153","BATERIA IPHONE IPHONE 13 PRO MAX SIN BRANDING","Baterías","Baterias","","baterias|iphone|13 pro max",""
"3553","PLACA DE CARGA INFINIX HOT 40I","Placa de Carga","Placa de Carga","","placa de carga",""
"1075","GLASS + OCA REDMI 9A","Glass","Glass","","glass|redmi","Es glass/tactil/OCA, no modulo completo de pantalla."
"1077","TAPAS MOTOROLA G14 AZUL","Tapas","Tapas","","tapas|motorola|moto|g14",""
"1080","MODULO 1° LINEA MOTO G 100 S/M XT2125","Modulos","Modulos","","modulos|moto|1|g 100",""
"1082","TRINOCULAR KAISI 36565 PLUS","Herramientas e insumos","Herramientas e insumos","HERRAMIENTAS VARIAS","herramientas e insumos","Producto de herramientas e insumos para tecnico reparador."
"1088","PLACA DE CARGA VEZR SAMSUNG A16 TURBO","Placa de Carga","Placa de Carga","","placa de carga|samsung|vezr|turbo|a16",""
"3735","FLEX HUELLA SAMSUNG A23 AZUL","Power Flex","","","samsung|a23",""
"1099","MODULO VEZR IPHONE 11 PRO","Modulos","Modulos","","modulos|iphone|vezr|11 pro",""
"1103","CAMARA TRASERA IPHONE  X","Camaras","Camaras","","camaras|iphone","Es camara completa del equipo, no visor/lente externo de camara."
"1104","MODULO VEZR SAMSUNG A02 (A022) C/M","Modulos","Modulos","","modulos|samsung|vezr|a02|a022",""
"1110","MODULO LCD SPARK GO 2024/ SPARK 20C","Modulos","Modulos","","modulos",""
"1116","BARLOW RELIFE  0.7X","Herramientas e insumos","Herramientas e insumos","","herramientas e insumos|0",""
"1123","FLEX DE CARGA VEZR IPHONE 13 PRO ","Flex de Carga","Flex de Carga","","flex de carga|iphone|vezr|13 pro",""
"1128","PLACA DE CARGA A03 ","Placa de Carga","Placa de Carga","","placa de carga|a03",""
"3548","PLACA DE CARGA SPARE PARTS INFINIX SMART 8 PRO","Placa de Carga","Placa de Carga","","placa de carga|8 pro",""
"1132","MANTA TERMICA AZUL RELIFE RL-160A","Herramientas e insumos","Herramientas e insumos","","herramientas e insumos",""
"1137","TAPA IPHONE 8 PLUS BLANCO","Tapas","Tapas","","tapas|iphone|8 plus",""
"1142","GLASS MATE 20 LITE","Glass","Glass","","glass|20 lite","Es glass/tactil/OCA, no modulo completo de pantalla."
"1154","PLACA DE CARGA VEZR SAMSUNG A73 TURBO ","Placa de Carga","Placa de Carga","","placa de carga|samsung|vezr|turbo|a73",""
"1155","IPHONE 14 PRO/14/14PM U2","Ic de Carga","","","iphone|14 pro|14",""
"1160","FLEX MAIN SAMSUNG S20 ULTRA","Main Flex","Main Flex","","main flex|samsung|s20 ultra",""
"1167","IC IPHONE 11/11 U2","Ic de Carga","","","iphone|11",""
"1171","DESTORNILLADOR GRIFFIN GF17 0.6","Herramientas e insumos","Herramientas e insumos","HERRAMIENTAS VARIAS","herramientas e insumos|0|6",""
"1180","PLACA DE CARGA MECHANIC MOTOROLA EDGE 30 NEO","Placa de Carga","Placa de Carga","","placa de carga|motorola|moto|mechanic|edge 30 neo",""
"1185","MODULO DE IPHONE 13 PRO MAX ORIGINAL 100%","Modulos","Modulos","","modulos|iphone|original|13 pro max|100",""
"1189","FLEX DE CARGA IPHONE 12 PRO MAX ","Flex de Carga","Flex de Carga","","flex de carga|iphone|12 pro max",""
"1190","PLACA DE CARGA VEZR MOTOROLA E7 POWER TURBO ","Placa de Carga","Placa de Carga","","placa de carga|motorola|moto|vezr|turbo|e7 power",""
"3764","PLATAFORMA REBALLING P/ CHIPS BGA DEL IPHONE X AL 16PM MIJING","Herramientas e insumos","","","iphone",""
"1194","VISOR DE CAMARA SAMSUNG A05S","Visor de Camara","Visor de Camara","","visor de camara|samsung|lente camara|vidrio camara","Es visor/lente/vidrio externo de camara. No es camara frontal ni camara trasera completa."
"1195","MODULO SUNLONG SOFT OLED  12 PRO MAX","Modulos","Modulos","","modulos|sunlong|oled|12 pro max",""
"1196","FLEX SPEAKER SENSOR IPHONE 12 MINI","Speaker","Parlante","","parlante|iphone|12",""
"1199","MODULO LG F60 S/M","Modulos","Modulos","","modulos|lg",""
"1202","FLEX MAIN VEZR SAMSUNG A32/A22 4G","Main Flex","Main Flex","","main flex|samsung|vezr|a32|a22 4g",""
"3616","TAPAS IPHONE 14 PRO BLANCO","Tapas","Tapas","","tapas|iphone|14 pro",""
"1208","PORTA SIM IPHONE 11 PRO PLATA","Porta Sim","Porta Sim","","porta sim|iphone|11 pro",""
"1210","BRUCELA (PINZA)2UUL 3D","Herramientas e insumos","Herramientas e insumos","HERRAMIENTAS VARIAS","herramientas e insumos",""
"1212","MODULO SAMSUNG GALAXY S10 PLUS INCELL C/M ","Modulos","Modulos","","modulos|samsung|incell|s10 plus",""
"1221","BATERIA VEZR SAMSUNG S23 PLUS / EB-BS916ABY","Baterías","Baterias","","baterias|samsung|vezr|s23 plus",""
"3520","PLACA DE CARGA XIAOMI REDMI NOTE 9S (AAA)","Placa de Carga","Placa de Carga","","placa de carga|xiaomi|redmi|aaa",""
"1168","FLEX MAIN REDMI NOTE 7 ","Main Flex","Main Flex","","main flex|redmi|note 7",""
"1172","VIDRIO OCA IPHONE 6S NEGRO","Glass","Glass","","glass|iphone","Es glass/tactil/OCA, no modulo completo de pantalla."
"1173","BATERIA FOXCONN IPHONE 15 CAJA NEGRA","Baterías","Baterias","","baterias|iphone|foxconn|15",""
"1178","FLEX DE CARGA VEZR IPHONE 11 PRO MAX ","Flex de Carga","Flex de Carga","","flex de carga|iphone|vezr|11 pro max",""
"3539","PLACA DE CARGA INFINIX POVA 3","Placa de Carga","Placa de Carga","","placa de carga|3",""
"1179","MODULO OLED G9 PLUS S/M","Modulos","Modulos","","modulos|oled|g9 plus",""
"3660","FLEX HUELLA MOTO G10 NEGRO ","Sensor Huella","","","moto|g10",""
"1191","ALTAVOZ SAMSUNG A14 5G","Parlante","Parlante","","parlante|samsung|a14 5g",""
"3706","iphone 12 128Gb SWAP GRADO A+","Celulares","","","iphone|12",""
"1192","TAPA IPHONE 8 PLUS NEGRO","Tapas","Tapas","","tapas|iphone|8 plus",""
"3013","BATERIA SAMSUNG EB-BG360CBE","Baterías","Baterias","","baterias|samsung",""
"1198","GLASS + OCA CN MARCO IPHONE 14 PRO MAX","Glass","Glass","","glass|iphone|14 pro max","Es glass/tactil/OCA, no modulo completo de pantalla."
"3576","CARGADORES PLC CABLE TYPE-C TO LIGHTNING","","Accesorios","","accesorios",""
"3066","TAPAS XIAOMI POCO M3 NEGRO NEGRO","Tapas","Tapas","","tapas|xiaomi|poco|m3",""
"1201","MODULO SVC SAMSUNG A52 C/M","Modulos","Modulos","","modulos|samsung|a52",""
"1204","MINI LAMPARA UV YCS","Herramientas e insumos","Herramientas e insumos","","herramientas e insumos",""
"1209","MODULO INCELL POCO F6 PRO ","Modulos","Modulos","","modulos|poco|incell",""
"3754","ALCOHOL ISOPROPÍLICO 250CC ALTA","Herramientas e insumos","Herramientas e insumos","ALCOHOL ISOPROPILICO","herramientas e insumos",""
"3253","FLEX DE CARGA IPHONE X BLANCO","Flex de Carga","Flex de Carga","","flex de carga|iphone",""
"1216","ESTAÑO EN PASTA YCS 150C","Herramientas e insumos","Herramientas e insumos","HERRAMIENTAS VARIAS","herramientas e insumos","Producto de herramientas e insumos para tecnico reparador."
"1217","BATERIA NO-POP-UP IPHONE 12","Baterías","Baterias","","baterias|iphone|12",""
"1218","12/ PRO/ PROMAX U2 ","Ic de Carga","","","12",""
"1222","PORTA SIM SAMSUNG A31 AZUL","Porta Sim","Porta Sim","","porta sim|samsung|a31",""
"1224","PORTA SIM IPHONE 13 ROSA","Porta Sim","Porta Sim","","porta sim|iphone|13",""
"1228","MODULO OLED SAMSUNG A24 C/M ","Modulos","Modulos","","modulos|samsung|oled|a24",""
"3755","ALCOHOL ISOPROPÍLICO 1000CC ALTA","Herramientas e insumos","Herramientas e insumos","ALCOHOL ISOPROPILICO","herramientas e insumos",""
"1161","MODULO SOFT OLED C/M SAMSUNG NOTE 10 PLUS","Modulos","Modulos","","modulos|samsung|oled|note 10 plus",""
"1162","TAG ON JCID FACE ID IPHONE 12/12 PRO ","Tag on","","","iphone|jcid|12|12 pro",""
"1163","MULTICARGADOR RELIFE 309U (6 PUERTOS)","Herramientas e insumos","Herramientas e insumos","","herramientas e insumos|6",""
"1164","CAMARA DE IPHONE 6 ORIGINAL","Camaras","","","iphone|original|6",""
"1169","ALTAVOZ SAMSUNG M52","Parlante","Parlante","","parlante|samsung|m52",""
"3255","FLEX DE CARGA IPHONE 7G","Flex de Carga","Flex de Carga","","flex de carga|iphone",""
"3223","CAMARA FRONTAL IPHONE 14 PRO","Camaras","Camaras","","camaras|iphone|14 pro","Es camara completa del equipo, no visor/lente externo de camara."
"1174","BATERIA GENERICA IPHONE 8 PLUS","Baterías","Baterias","","baterias|iphone|8 plus",""
"1175","GLASS + OCA MOTOROLA G9 PLUS","Glass","Glass","","glass|motorola|moto|g9 plus","Es glass/tactil/OCA, no modulo completo de pantalla."
"1177","FLUX AMTECH NC-SSA 10CC","Herramientas e insumos","Herramientas e insumos","HERRAMIENTAS VARIAS","herramientas e insumos","Producto de herramientas e insumos para tecnico reparador."
"3176","PARTANTE USADO IPH 12","Parlante","","","12",""
"1181","PORTA SIM IPHONE XS MAX NEGRO","Porta Sim","Porta Sim","","porta sim|iphone",""
"1182","MODULO SAMSUNG GALAXY S20 ULTRA OLED C/M","Modulos","Modulos","","modulos|samsung|oled|s20 ultra",""
"1183","MODULO JCID IPHONE 14 PRO MAX","Modulos","Modulos","","modulos|iphone|jcid|14 pro max",""
"1184","PLACA DE CARGA VEZR TCL V40 NXTPAPER","Placa de Carga","Placa de Carga","","placa de carga|tcl|vezr",""
"1186","PORTA SIM SAMSUNG A04 ROSA","Porta Sim","Porta Sim","","porta sim|samsung|a04",""
"1187","TAPA DE IPHONE 16 ROSA CON MAGSAFE","Tapas","Tapas","","tapas|iphone|16",""
"1200","BATERIA GENERICA IPHONE 12 PRO MAX","Baterías","Baterias","","baterias|iphone|12 pro max",""
"1205","BATERIA DIAGNOSTICO IPHONE 13 PRO","Baterías","Baterias","","baterias|iphone|13 pro",""
"1206","FPC  SAMSUNG S21 ULTRA","FPC","","","samsung|s21 ultra",""
"1207","MODULO WEZ PARTS MOTO G10 / G20 / G30 C/M ","Modulos","Modulos","","modulos|moto|g10|g20|g30",""
"1213","VISOR DE CAMARA XIAOMI NOTE 10 PRO MAX","Visor de Camara","Visor de Camara","","visor de camara|xiaomi|note 10 pro max|lente camara|vidrio camara","Es visor/lente/vidrio externo de camara. No es camara frontal ni camara trasera completa."
"1214","MODULO INCELL HUAWEI P8 LITE","Modulos","Modulos","","modulos|huawei|incell",""
"3744","FLEX HUELLA SAMSUNG A53 ","Sensor Huella","","","samsung|a53",""
"1225","VISOR DE CAMARA LG K61","Visor de Camara","Visor de Camara","","visor de camara|lg|lente camara|vidrio camara","Es visor/lente/vidrio externo de camara. No es camara frontal ni camara trasera completa."
"1226","TAPA DE IPHONE 16 PRO CON MAGSAFE DORADO","Tapas","Tapas","","tapas|iphone|16 pro",""
"1227","MODULO SAMSUNG S23 FE OLED C/M ","Modulos","Modulos","","modulos|samsung|oled|s23 fe",""
"1158","DESTORNILLADOR RELIFE RL 728 2D 0.8","Herramientas e insumos","Herramientas e insumos","HERRAMIENTAS VARIAS","herramientas e insumos|728|0|8",""
"1159","MODULO SUNLONG FHD IPHONE XR","Modulos","Modulos","","modulos|iphone|sunlong|fhd",""
"1165","TAPA NEGRA SAMSUNG A52 ","Tapas","Tapas","","tapas|samsung|a52",""
"1166","MODULO OLED MOTO G31 / G41 / G71 HD S/M ","Modulos","Modulos","","modulos|moto|oled|g31|g41|g71",""
"1170","TAPA DE IPHONE 16 PRO MAX ORIGINAL CON MAGSAFE NEGRO","Tapas","Tapas","","tapas|iphone|original|16 pro max",""
"3546","PLACA DE CARGA TCL 30 SE","Placa de Carga","Placa de Carga","","placa de carga|tcl|30",""
"3091","KIT BLINDAJE IPHONE XS","Blindajes","","","iphone",""
"1176","KIT DE DESTORNILLADORES YAXUN YX806-14","Herramientas e insumos","Herramientas e insumos","HERRAMIENTAS VARIAS","herramientas e insumos|14",""
"3331","MODULO SVC G7 PLAY S/M","Modulos","Modulos","","modulos|g7 play",""
"1188","ALTAVOZ SAMSUNG A25","Parlante","Parlante","","parlante|samsung|a25",""
"1193","PORTA SIM SAMSUNG A54 GRIS","Porta Sim","Porta Sim","","porta sim|samsung|a54",""
"1197","MODULO LCD TCL 10 SE / ALC 3X / 5X S/M","Modulos","Modulos","","modulos|tcl|10",""
"1203","GLASS + OCA MOTOROLA G7 POWER","Glass","Glass","","glass|motorola|moto|g7 power","Es glass/tactil/OCA, no modulo completo de pantalla."
"1211","FPC SAMSUNG M32","FPC","","","samsung|m32",""
"3693","PIN DE CARGA C7/X230 K4 2017/E6 PLUS/E6 PLAY/E7 PLUS X5","Pines de Carga","","","e6 plus|e6 play|e7 plus",""
"1215","BATERÍA VEZR SAMSUNG A15 5G / EB-BA156ABY","Baterías","Baterias","","baterias|samsung|vezr|a15 5g",""
"3726","FLEX HUELLA SAMSUNG A06 NEGRO ","Flex home","","","samsung|a06",""
"3773","TAPA DE IPHONE 16 PRO CON MAGSAFE GRIS OSCURO","Tapas","Tapas","","tapas|iphone|16 pro",""
"1219","PARLANTE MI 12T PRO","Parlante","Parlante","","parlante",""
"1220","FLUX EN PASTA M52 AMAOE","Herramientas e insumos","Herramientas e insumos","HERRAMIENTAS VARIAS","herramientas e insumos|m52","Producto de herramientas e insumos para tecnico reparador."
"1223","VISOR DE CAMARA XIAOMI REDMI NOTE 8 PRO","Visor de Camara","Visor de Camara","","visor de camara|xiaomi|redmi|note 8 pro|lente camara|vidrio camara","Es visor/lente/vidrio externo de camara. No es camara frontal ni camara trasera completa."
"1235","VISOR DE CAMARA IPHONE 14 PRO","Visor de Camara","Visor de Camara","","visor de camara|iphone|14 pro|lente camara|vidrio camara","Es visor/lente/vidrio externo de camara. No es camara frontal ni camara trasera completa."
"1237","FLEX POWER IPHONE 8 PLUS","Power Flex","","","iphone|8 plus",""
"1241","TAPA DE IPHONE 15 PRO CON MAGSAFE AZUL OSCURO","Tapas","Tapas","","tapas|iphone|15 pro",""
"1248","MODULO VEZR XIAOMI REDMI 13C C/M","Modulos","Modulos","","modulos|xiaomi|redmi|vezr",""
"1250","MODULO OLED POP 7 BF6 S/M ","Modulos","Modulos","","modulos|oled|7",""
"1252","FPC SAMSUNG S24 ULTRA ","FPC","","","samsung|s24 ultra",""
"1254","CAMARA TRASERA SAMSUNG A25 VERDE","Camaras","Camaras","","camaras|samsung|a25","Es camara completa del equipo, no visor/lente externo de camara."
"1256","FLEX POWER  VEZR RL C51/C52","Power Flex","","","vezr",""
"1257","GLASS + OCA XIAOMI REDMI A1","Glass","Glass","","glass|xiaomi|redmi|a1","Es glass/tactil/OCA, no modulo completo de pantalla."
"3453","FLEX POWER TCL 20 SE","Power Flex","","","tcl|20",""
"3405","FLEX HOME + JACK AURICULAR (AUDIO) SAMSUNG GALAXY J7 2016 / SM-J710 / J710M / J710F","Flex home","","","samsung|j7|j710",""
"1260","MODULO OLED SPARK 10 PRO S/M","Modulos","Modulos","","modulos|oled|10 pro",""
"1261","GLASS + OCA KG 2017","Glass","Glass","","glass","Es glass/tactil/OCA, no modulo completo de pantalla."
"1263","MODULO OLED SUNLONG IPHONE 11 PRO MAX","Modulos","Modulos","","modulos|iphone|sunlong|oled|11 pro max",""
"1264"," PLACA DE CARGA VEZR XIAOMI REDMI 9A/9C/10A TURBO","Placa de Carga","Placa de Carga","","placa de carga|xiaomi|redmi|vezr|turbo",""
"1267","MODULO SUNLONG OLED SAM A31 C/M","Modulos","Modulos","","modulos|sunlong|oled|a31",""
"1278","TAPA IPHONE 16 PRO MAX GRIS OSCURO magsafe","Tapas","Tapas","","tapas|iphone|16 pro max",""
"1279","PLACA DE CARGA VEZR TCL L10 LITE TURBO ","Placa de Carga","Placa de Carga","","placa de carga|tcl|vezr|turbo",""
"1281","PASTA TERMICA AMAOE TG-4","Herramientas e insumos","Herramientas e insumos","HERRAMIENTAS VARIAS","herramientas e insumos|4",""
"3339","MODULO SVC SAMSUNG GALAXY S20 FE C/M","Modulos","Modulos","","modulos|samsung|s20 fe",""
"1291","GLASS + OCA SAMSUNG S6 EDGE BLANCO","Glass","Glass","","glass|samsung|s6","Es glass/tactil/OCA, no modulo completo de pantalla."
"3795","POWER FLEX SAMSUNG A03 CORE","Power Flex","","","samsung|a03",""
"1293","ALTAVOZ SAMSUNG A04E ","Parlante","Parlante","","parlante|samsung",""
"1295","CAMARA FRONTAL SAMUNG A25","Camaras","Camaras","","camaras|a25","Es camara completa del equipo, no visor/lente externo de camara."
"3717","MODULO LCD E22/E22I  S/M","Modulos","Modulos","","modulos|e22",""
"1297","MODULO SVC SAMSUNG A53 CM","Modulos","Modulos","","modulos|samsung|a53",""
"1232","ALTAVOZ XIAOMI REDMI NOTE 13 5G","Parlante","Parlante","","parlante|xiaomi|redmi|note 13 5g",""
"1234","BATERIA GENERICA IPHONE 13","Baterías","Baterias","","baterias|iphone|13",""
"1240","MODULO OLED ZTE V60 S/M","Modulos","Modulos","","modulos|zte|oled",""
"1244","FLEX MAIN SAMSUNG A7 2018 (A750)","Main Flex","Main Flex","","main flex|samsung|a7|a750",""
"1246","BRUCELA (PINZA)2UUL T111","Herramientas e insumos","Herramientas e insumos","HERRAMIENTAS VARIAS","herramientas e insumos",""
"1247","MODULO DE IPHONE 13 PRO ORIGINAL 100%","Modulos","Modulos","","modulos|iphone|original|13 pro|100",""
"3779","BATERIA MECHANIC SAMSUNG S23 / EB-BS912ABY","Baterías","Baterias","","baterias|samsung|mechanic|s23",""
"1255","VIDRIO OCA 15 PRO MAX","Glass","Glass","","glass|15 pro max","Es glass/tactil/OCA, no modulo completo de pantalla."
"3559","PLACA DE CARGA SAMSUNG A5 (AAA)","Placa de Carga","Placa de Carga","","placa de carga|samsung|aaa|a5",""
"3521","PLACA DE CARGA XIAOMI REDMI NOTE 8 (AAA)","Placa de Carga","Placa de Carga","","placa de carga|xiaomi|redmi|aaa|note 8",""
"1266","TAPA MOTOROLA E22 NEGRO","Tapas","Tapas","","tapas|motorola|moto|e22",""
"3739","FLEX POWER + HUELLA SAMSUNG A25 VERDE","Power Flex","","","samsung|a25",""
"1273","FLUX ORGANICO ALTA","Herramientas e insumos","Herramientas e insumos","HERRAMIENTAS VARIAS","herramientas e insumos","Producto de herramientas e insumos para tecnico reparador."
"1274","VISOR DE CAMARA IPHONE XR","Visor de Camara","Visor de Camara","","visor de camara|iphone|lente camara|vidrio camara","Es visor/lente/vidrio externo de camara. No es camara frontal ni camara trasera completa."
"1276","MODULO FHD MOTO EDGE 30 FUSION S/M XT2243","Modulos","Modulos","","modulos|moto|fhd|edge 30",""
"1277","FLEX DE CARGA VEZR IPHONE 12 PRO MAX","Flex de Carga","Flex de Carga","","flex de carga|iphone|vezr|12 pro max",""
"1280","TAPA DE IPHONE 16 PRO MAX CON MAGSAFE BLANCO","Tapas","Tapas","","tapas|iphone|16 pro max",""
"1284","BOQUILLA DE ESTACION DE CAUTIN GRIFFIN","Herramientas e insumos","Herramientas e insumos","HERRAMIENTAS VARIAS","herramientas e insumos","Producto de herramientas e insumos para tecnico reparador."
"1285"," MODULO LCD TCL 20B/20R 5G/30XE 5G S/M","Modulos","Modulos","","modulos|tcl",""
"3329","MODULO SVC A01 CORE S/M","Modulos","Modulos","","modulos|a01",""
"1287","FLEX DE CARGA ORIG IPHONE 13","Flex de Carga","Flex de Carga","","flex de carga|iphone|13",""
"1288","VISOR DE CAMARA SAMSUNG A23","Visor de Camara","Visor de Camara","","visor de camara|samsung|a23|lente camara|vidrio camara","Es visor/lente/vidrio externo de camara. No es camara frontal ni camara trasera completa."
"1289","VISOR DE CAMARA IPHONE 12","Visor de Camara","Visor de Camara","","visor de camara|iphone|12|lente camara|vidrio camara","Es visor/lente/vidrio externo de camara. No es camara frontal ni camara trasera completa."
"3507","TAPAS SAMSUNG A03 AZUL","Tapas","Tapas","","tapas|samsung|a03",""
"3061","TAPA XIAOMI REDMI MI A3 BLANCO","Tapas","Tapas","","tapas|xiaomi|redmi|a3",""
"1296","MODULO SUNLONG IPHONE 13 PRO MAX FHD","Modulos","Modulos","","modulos|iphone|sunlong|fhd|13 pro max",""
"3771","GLASS + OCA POCO M8","Glass","Glass","","glass|poco|m8","Es glass/tactil/OCA, no modulo completo de pantalla."
"1231","GLASS + OCA LG K50S","Glass","Glass","","glass|lg","Es glass/tactil/OCA, no modulo completo de pantalla."
"1233","BATERIA VEZR BN46","Baterías","Baterias","","baterias|vezr",""
"1236","TAPAS XIAOMI REDMI 9A GRIS","Tapas","Tapas","","tapas|xiaomi|redmi",""
"3327","MODULO SVC (OLED) G8 POWER LITE S/M","Modulos","Modulos","","modulos|oled|g8 power",""
"1238","MODULO OLED G8 POWER LITE C/M","Modulos","Modulos","","modulos|oled|g8 power",""
"1242","PLACA DE CARGA VEZR MOTO E13","Placa de Carga","Placa de Carga","","placa de carga|moto|vezr|e13",""
"1243","MULTICARGADOR SUNSHINE SS-304Q","Herramientas e insumos","Accesorios","","accesorios",""
"1258","GLASS 2P9300 NEGRO","Glass","Glass","","glass","Es glass/tactil/OCA, no modulo completo de pantalla."
"1259","VISOR DE CAMARA SAMSUNG A34","Visor de Camara","Visor de Camara","","visor de camara|samsung|a34|lente camara|vidrio camara","Es visor/lente/vidrio externo de camara. No es camara frontal ni camara trasera completa."
"1262","FLEX HUELLA MOTO E5 PLAY","Sensor Huella","","","moto|e5 play",""
"3610","TAPAS IPHONE 13 AZUL OSCURO","Tapas","Tapas","","tapas|iphone|13",""
"1271","ALTAVOZ XIAOMI REDMI NOTE 13 4G","Parlante","Parlante","","parlante|xiaomi|redmi|note 13 4g",""
"1272","PLACA DE CARGA VEZR XIAOMI REDMI 12C TURBO","Placa de Carga","Placa de Carga","","placa de carga|xiaomi|redmi|vezr|turbo",""
"3749","FLEX POWER + HUELLA SAMSUNG A22 4G BLANCO","Power Flex","","","samsung|a22 4g",""
"3604","TAPA IPHONE 11 AMARILLO","Tapas","Tapas","","tapas|iphone|11",""
"1275","BATERIA PLC MOTOROLA  KG40 E40 / G8 PLAY ","Baterías","Baterias","","baterias|motorola|moto|e40|g8 play",""
"1282","VISOR DE CAMARA SAMSUNG NOTE 20","Visor de Camara","Visor de Camara","","visor de camara|samsung|note 20|lente camara|vidrio camara","Es visor/lente/vidrio externo de camara. No es camara frontal ni camara trasera completa."
"1283","TAPA NEGRA SAMSUNG A32 4G","Tapas","Tapas","","tapas|samsung|a32 4g",""
"3249","FLEX DE CARGA IPHONE 6S ","Flex de Carga","Flex de Carga","","flex de carga|iphone",""
"1286","TAPAS MOTOROLA G5 NEGRO","Tapas","Tapas","","tapas|motorola|moto|g5",""
"1290","FLEX MAIN SAMSUNG Z FLIP 3","Main Flex","Main Flex","","main flex|samsung|3",""
"1292","MODULO LG OPTIMUS S/M","Modulos","Modulos","","modulos|lg",""
"1294","MODULO VEZR MOTOROLA G15 C/M","Modulos","Modulos","","modulos|motorola|moto|vezr|g15",""
"1298","FLEX DE CARGA VEZR IPHONE 8G","Flex de Carga","Flex de Carga","","flex de carga|iphone|vezr",""
"1229","GLAS + OCA A01 CORE ","Glass","Glass","","glass|a01","Es glass/tactil/OCA, no modulo completo de pantalla."
"1230","CAJA ORGANIZADORA SUNSHINE DE 48 CASILLAS SS-001C","Herramientas e insumos","","","48",""
"3324","MODULO VEZR XIAOMI REDMI A3 / A3X C/M","Modulos","Modulos","","modulos|xiaomi|redmi|vezr|a3",""
"1239","MODULO VEZR XIAOMI REDMI NOTE 13 PRO 5G C/M ","Modulos","Modulos","","modulos|xiaomi|redmi|vezr|note 13 pro",""
"3679","BATERIA FOXCONN IPHONE X","Baterías","Baterias","","baterias|iphone|foxconn",""
"1245","FLEX DE CARGA IPHONE 14 PRO MAX ","Flex de Carga","Flex de Carga","","flex de carga|iphone|14 pro max",""
"1249","ESTACIÓN DE CALOR QUICK K8","Herramientas e insumos","Herramientas e insumos","HERRAMIENTAS VARIAS","herramientas e insumos","Producto de herramientas e insumos para tecnico reparador."
"1251","BATERIA PLC XIAOMI BN5P REDMI NOTE 13 5G","Baterías","Baterias","","baterias|xiaomi|redmi|note 13 5g",""
"1253","FLEX MAIN SAMSUNG A32 4G ","Main Flex","Main Flex","","main flex|samsung|a32 4g",""
"3419","SENSOR DE HUELLA SM A72","Sensor Huella","","","a72",""
"3609","TAPA IPHONE 12 PRO DORADO","Tapas","Tapas","","tapas|iphone|12 pro",""
"3734","FLEX POWER + HUELLA SAMSUNG A22 4G VERDE","Power Flex","","","samsung|a22 4g",""
"1268","  PIN DE CARGA G7POWER/G8PLAY/G30/G20/G10/G50/G60/G605","Pines de Carga","","","g7power|g8play|g30|g20",""
"1269","ALTAVOZ SAMSUNG A53","Parlante","Parlante","","parlante|samsung|a53",""
"1270","PLACA DE CARGA SUN XIAOMI REDMI 14C TURBO","Placa de Carga","Placa de Carga","","placa de carga|xiaomi|redmi|turbo",""
"3432","FLEX POWER SAMSUNG A23 NEGRO","Power Flex","","","samsung|a23",""
"3694","MODULO SUNLONG OLED MOTO G60S C/M","Modulos","Modulos","","modulos|moto|sunlong|oled",""
"3112","TAG ON JCID FACE ID IPHONE 12 PRO MAX ","Tag on","","","iphone|jcid|12 pro max",""
"1301","CAMARA FRONTAL SAMSUNG A03 CORE","Camaras","Camaras","","camaras|samsung|a03","Es camara completa del equipo, no visor/lente externo de camara."
"1303","MODULO SAMSUNG GALAXY S23 ULTRA SOFT OLED  C/M","Modulos","Modulos","","modulos|samsung|oled|s23 ultra",""
"3396","CAMARA TRASERA XIAOMI REDMI 13C","Camaras","Camaras","","camaras|xiaomi|redmi","Es camara completa del equipo, no visor/lente externo de camara."
"1312","GLASS + OCA SAMSUNG A6 PLUS","Glass","Glass","","glass|samsung|a6 plus","Es glass/tactil/OCA, no modulo completo de pantalla."
"1313","VISOR DE CAMARA MOTO EDGE 40 NEO","Visor de Camara","Visor de Camara","","visor de camara|moto|edge 40 neo|lente camara|vidrio camara","Es visor/lente/vidrio externo de camara. No es camara frontal ni camara trasera completa."
"1322","VISOR DE CAMARA MOTO G10 / G20 / G30 AZUL","Visor de Camara","Visor de Camara","","visor de camara|moto|g10|g20|g30|lente camara|vidrio camara","Es visor/lente/vidrio externo de camara. No es camara frontal ni camara trasera completa."
"1332","PLACA DE CARGA XIAOMI NOTE 13 PRO 4G TURBO","Placa de Carga","Placa de Carga","","placa de carga|xiaomi|turbo|note 13 pro",""
"3675","TAG ON JCID FACE ID IPHONE 11 ","Tag on","","","iphone|jcid|11",""
"1346","GLASS + OCA XIAOMI REDMI 5","Glass","Glass","","glass|xiaomi|redmi|5","Es glass/tactil/OCA, no modulo completo de pantalla."
"1347","GLASS + OCA SAMSUNG A42","Glass","Glass","","glass|samsung|a42","Es glass/tactil/OCA, no modulo completo de pantalla."
"3032","TAPA SONY XPERIA Z3 DORADO","Tapas","Tapas","","tapas",""
"3530","PLACA DE CARGA SPARE PARTS LG K22","Placa de Carga","Placa de Carga","","placa de carga|lg",""
"3654","FLEX POWER MOTOROLA G10/G20/G30","Power Flex","","","motorola|moto|g10|g20|g30",""
"1305","MODULO JCID IPHONE 13 PRO","Modulos","Modulos","","modulos|iphone|jcid|13 pro",""
"3788","BATERIA TCL 10SE / TLP038D1","Baterías","Baterias","","baterias|tcl",""
"3740","FLEX POWER + HUELLA SAMSUNG A25/A15 NEGRO","Power Flex","","","samsung|a25|a15",""
"1311","VISOR DE CAMARA SAMSUNG  A33/A53/A73","Visor de Camara","Visor de Camara","","visor de camara|samsung|a33|a53|a73|lente camara|vidrio camara","Es visor/lente/vidrio externo de camara. No es camara frontal ni camara trasera completa."
"1315","ic de carga hydra del 8 al 11 pro max ","Ic de Carga","","","8|11 pro max",""
"1317","FLEX DE CARGA VEZR IPHONE 7 PLUS ","Flex de Carga","Flex de Carga","","flex de carga|iphone|vezr|7 plus",""
"1320","ALTAVOZ SAMSUNG A16","Parlante","Parlante","","parlante|samsung|a16",""
"1325","PLACA DE CARGA BEST SAMSUNG M31","Placa de Carga","Placa de Carga","","placa de carga|samsung|best|m31",""
"1326","PLACA DE CARGA SVC Z FLIP 4 ","Placa de Carga","Placa de Carga","","placa de carga|4",""
"1327","ALTAVOZ XIAOMI REDMI NOTE 12","Parlante","Parlante","","parlante|xiaomi|redmi|note 12",""
"1328","PLACA DE CARGA VEZR XIAOMI NOTE 10 5G TURBO","Placa de Carga","Placa de Carga","","placa de carga|xiaomi|vezr|turbo|note 10 5g",""
"1334","ALTAVOZ SAMSUNG A04E","Parlante","Parlante","","parlante|samsung",""
"1339","PLACA DE CARGA VEZR SAMSUNG A03S ","Placa de Carga","Placa de Carga","","placa de carga|samsung|vezr",""
"1345","CAMARA TRASERA IPHONE 14","Camaras","Camaras","","camaras|iphone|14","Es camara completa del equipo, no visor/lente externo de camara."
"3730","FLEX POWER + HUELLA SAMSUNG A25 CREMA","Power Flex","","","samsung|a25",""
"3121","FLEX FLASH IPHONE 14 PRO","Flash Flex","","","iphone|14 pro",""
"1353","PLACA DE CARGA SUN SAMSUNG A04E (A042)","Placa de Carga","Placa de Carga","","placa de carga|samsung|a042",""
"1354","TAPA DE IPHONE 16 PRO MAX ORIGINAL CON MAGSAFE GRIS CLARO","Tapas","Tapas","","tapas|iphone|original|16 pro max",""
"1359","BATERIA VEZR SAM S20 FE/A52/A52S","Baterías","Baterias","","baterias|vezr|s20 fe|a52",""
"1361","ALTAVOZ SAMSUNG A33","Parlante","Parlante","","parlante|samsung|a33",""
"1362","PLACA DE CARGA XIAOMI REDMI NOTE 10 PLUS (TURBO)","Placa de Carga","Placa de Carga","","placa de carga|xiaomi|redmi|turbo|note 10 plus",""
"3132","FLEX POWER MECHANIC IPHONE 13 PRO","Power Flex","Herramientas e insumos","","herramientas e insumos|iphone|mechanic|13 pro",""
"1299","MODULO 1° LINEA MOTO E6 NEGRO S/M ","Modulos","Modulos","","modulos|moto|1|e6",""
"1302","HOLDER INTERPOSER P/ REBALLING DEL IPH X AL 16 AMAOE","Herramientas e insumos","Herramientas e insumos","","herramientas e insumos|16",""
"1304","ESTACION DE CALOR AIFEN F5 PRO ","Herramientas e insumos","Herramientas e insumos","HERRAMIENTAS VARIAS","herramientas e insumos","Producto de herramientas e insumos para tecnico reparador."
"3678","PLACA DE CARGA VEZR SAMSUNG S24 ULTRA","Placa de Carga","Placa de Carga","","placa de carga|samsung|vezr|s24 ultra",""
"1308","FLEX MAIN VEZR XIAOMI NOTE10/10S","Main Flex","Main Flex","","main flex|xiaomi|vezr|note10",""
"3456","FLEX HUELLA  SM A11","Sensor Huella","","","a11",""
"3240","CAMARA FRONTAL SUN IPHONE 12 PRO MAX","Camaras","Camaras","","camaras|iphone|12 pro max","Es camara completa del equipo, no visor/lente externo de camara."
"3380","CAMARA TRASERA SM A34","Camaras","Camaras","","camaras|a34","Es camara completa del equipo, no visor/lente externo de camara."
"1314","BATERIA VEZR SAMSUNG S21 PLUS","Baterías","Baterias","","baterias|samsung|vezr|s21 plus",""
"1316","BATERÍA PLC BN-5P","Baterías","Baterias","","baterias",""
"1318","MODULO SUNLONG OLED A54 5G","Modulos","Modulos","","modulos|sunlong|oled|a54 5g",""
"1321","BATERIA DIAGNOSTICO IPHONE 13 PRO MAX","Baterías","Baterias","","baterias|iphone|13 pro max",""
"1323","CAJA ORGANIZADORA DE CELULARES DE 24 SUNSHINE SS-001B","Herramientas e insumos","","","24",""
"1324","MODULO VEZR SAMSUNG A06 5G C/M ","Modulos","Modulos","","modulos|samsung|vezr|a06 5g",""
"1333","FLEX MAIN SAMSUNG A72 ","Main Flex","Main Flex","","main flex|samsung|a72",""
"1335","CAMARA TRASERA A22 5G","Camaras","Camaras","","camaras|a22 5g","Es camara completa del equipo, no visor/lente externo de camara."
"1336","PLACA DE CARGA SVC SAMSUNG S21 FE (CAJITA)","Placa de Carga","Placa de Carga","","placa de carga|samsung|s21 fe",""
"1340","GLASS + OCA TCL 30SI","Glass","Glass","","glass|tcl","Es glass/tactil/OCA, no modulo completo de pantalla."
"1342","MODULO SOFT OLED C/M SAMSUNG NOTE 10 ","Modulos","Modulos","","modulos|samsung|oled|note 10",""
"1344","BATERIA DIAGNOSTICO IPHONE 13 MINI","Baterías","Baterias","","baterias|iphone|13",""
"3017","BATERIA GENERIC SAMSUNG SM-G930 S7 FLAT / EB-BG930ABA","Baterías","Baterias","","baterias|samsung|g930|s7",""
"1351","MODULO SUNLONG OLED IPHONE 8 PLUS BLANCO","Modulos","Modulos","","modulos|iphone|sunlong|oled|8 plus",""
"3043","TAPAS MOTOROLA EDGE GRIS OSCURO20 LITE","Tapas","Tapas","","tapas|motorola|moto",""
"3143","FLEX POWER IPHONE 14 PRO","Power Flex","","","iphone|14 pro",""
"1357","MODULO SUNLONG OLED IPHONE 11 PRO","Modulos","Modulos","","modulos|iphone|sunlong|oled|11 pro",""
"1358","PLACA DE CARGA VEZR MOTO E6I/E6S TURBO","Placa de Carga","Placa de Carga","","placa de carga|moto|vezr|turbo",""
"1360","PLACA DE CARGA SUN G52/G82","Placa de Carga","Placa de Carga","","placa de carga|g52|g82",""
"1363","VISOR DE CAMARA K42/k52","Visor de Camara","Visor de Camara","","visor de camara|lente camara|vidrio camara","Es visor/lente/vidrio externo de camara. No es camara frontal ni camara trasera completa."
"1364","VISOR DE CAMARA IPHONE XS","Visor de Camara","Visor de Camara","","visor de camara|iphone|lente camara|vidrio camara","Es visor/lente/vidrio externo de camara. No es camara frontal ni camara trasera completa."
"1365","MODULO OLED TCL 20Y/20E","Modulos","Modulos","","modulos|tcl|oled",""
"1366","PLACA DE CARGA MECHANIC A01","Placa de Carga","Placa de Carga","","placa de carga|mechanic|a01",""
"1300","PLACA DE CARGA BEST SAMSUNG A24 4G TURBO","Placa de Carga","Placa de Carga","","placa de carga|samsung|best|turbo|a24 4g",""
"3732","FLEX POWER + HUELLA SAMSUNG A15 BLANCO","Power Flex","","","samsung|a15",""
"1306","KIT DE BLINDAJES IPHONE 11 PRO ","Blindajes","","","iphone|11 pro",""
"3791","POWER FLEX REDMI A2 LITE ","Power Flex","","","redmi|a2 lite",""
"1307","CHASIS IPHONE 11 BLANCO","Chasis","Chasis","","chasis|iphone|11",""
"3078","CAMARA FRONTAL IP 5S","Camaras","Camaras","","camaras","Es camara completa del equipo, no visor/lente externo de camara."
"1309","VISOR DE CAMARA MOTO E13","Visor de Camara","Visor de Camara","","visor de camara|moto|e13|lente camara|vidrio camara","Es visor/lente/vidrio externo de camara. No es camara frontal ni camara trasera completa."
"1310","GLASS MOTO X STYLE","Glass","Glass","","glass|moto","Es glass/tactil/OCA, no modulo completo de pantalla."
"3041","TAPA SAMSUNG S22 ULTRA  BLANCO","Tapas","Tapas","","tapas|samsung|s22 ultra",""
"3580","CARGADORES PLC PLC007 22.5W","Accesorios","Accesorios","","accesorios|22",""
"1319","PORTA SIM IPHONE 13 PRO MAX AZUL","Porta Sim","Porta Sim","","porta sim|iphone|13 pro max",""
"3775","TAPA DE IPHONE 15 CON MAGSAFE  AZUL OSCURO","Tapas","Tapas","","tapas|iphone|15",""
"1330","PLACA DE CARGA XIAOMI NOTE 13 4G TURBO","Placa de Carga","Placa de Carga","","placa de carga|xiaomi|turbo|note 13 4g",""
"1331","CHASIS IPHONE 14 LILA","Chasis","Chasis","","chasis|iphone|14",""
"3517","PLACA DE CARGA XIAOMI MI 8 LITE (AAA)","Placa de Carga","Placa de Carga","","placa de carga|xiaomi|aaa|8 lite",""
"1337","PORTA SIM IPHONE 13 PRO MAX GRAFITO","Porta Sim","Porta Sim","","porta sim|iphone|13 pro max",""
"1341","PLACA DE CARGA MOTO E6I/E6S MECHANIC","Placa de Carga","Placa de Carga","","placa de carga|moto|mechanic",""
"1343","MODULO LCD TCL 40 SE S/M","Modulos","Modulos","","modulos|tcl|40",""
"3116","TAG ON JCID BATERIA IPHONE 14 / 14 PLUS","Tag on","Baterias","","baterias|iphone|jcid|14|14 plus",""
"3542","PLACA DE CARGA TCL 405","Placa de Carga","Placa de Carga","","placa de carga|tcl|405",""
"1348","GLASS + OCA MOTOROLA G7 PLAY","Glass","Glass","","glass|motorola|moto|g7 play","Es glass/tactil/OCA, no modulo completo de pantalla."
"1349","MODULO VZO SAMSUNG A34 5G C/M ","Modulos","Modulos","","modulos|samsung|a34 5g",""
"1350","REMOVEDOR DE PEGAMENTO DE RESINA CUCHILLA Y CEPILLO YCS ","Herramientas e insumos","Herramientas e insumos","PEGAMENTO","herramientas e insumos",""
"1352","MODULO OLED MOTO E13 S/M","Modulos","Modulos","","modulos|moto|oled|e13",""
"3718","MODULO SUNLONG MOTOROLA E13 C/M ","Modulos","Modulos","","modulos|motorola|moto|sunlong|e13",""
"1355","CABLE TIPO-C A LIGHTNING 30W CB4013C&I - VIDVIE ","Accesorios","Accesorios","","accesorios",""
"1356","PLACA DE CARGA VEZR SAMSUNG A31 TURBO","Placa de Carga","Placa de Carga","","placa de carga|samsung|vezr|turbo|a31",""
"3607","TAPAS IPHONE 12 AZUL","Tapas","Tapas","","tapas|iphone|12",""
"1368","KIT DE BLINDAJES IPHONE 13 MINI","Blindajes","","","iphone|13",""
"3745","FLEX HUELLA SAMSUNG A54 FINGER","Flex home","","","samsung|a54",""
"3774","TAPA DE IPHONE 16 PRO MAX ORIGINAL CON MAGSAFE DORADO","Tapas","Tapas","","tapas|iphone|original|16 pro max",""
"1375","GLASS + OCA SAMSUNG A20S ","Glass","Glass","","glass|samsung","Es glass/tactil/OCA, no modulo completo de pantalla."
"1378","CAMARA TRASERA SAMSUNG A03S","Camaras","Camaras","","camaras|samsung","Es camara completa del equipo, no visor/lente externo de camara."
"1383","BATERIA FOXCONN CAJA BLANCO IPHONE 8 PLUS ","Baterías","Baterias","","baterias|iphone|foxconn|8 plus",""
"1384","TAPA DE IPHONE 15 PRO MAX CON MAGSAFE BLANCO","Tapas","Tapas","","tapas|iphone|15 pro max",""
"3055","TAPA XIAOMI REDMI 13C AZUL","Tapas","Tapas","","tapas|xiaomi|redmi",""
"1387","ALTAVOZ XIAOMI REDMI NOTE10 4G","Parlante","Parlante","","parlante|xiaomi|redmi|note10 4g",""
"1389","BATERIA NO-POP-UP IPHONE 11","Baterías","Baterias","","baterias|iphone|11",""
"1390","DESTORNILLADOR GRIFFIN N12 0.6","Herramientas e insumos","Herramientas e insumos","HERRAMIENTAS VARIAS","herramientas e insumos|0|6",""
"1396","VISOR DE CAMARA XIAOMI MI 8","Visor de Camara","Visor de Camara","","visor de camara|xiaomi|8|lente camara|vidrio camara","Es visor/lente/vidrio externo de camara. No es camara frontal ni camara trasera completa."
"1403","VISOR DE CAMARA MOTO E20","Visor de Camara","Visor de Camara","","visor de camara|moto|e20|lente camara|vidrio camara","Es visor/lente/vidrio externo de camara. No es camara frontal ni camara trasera completa."
"1406","CAMARA TRASERA SAMSUNG A30/A40","Camaras","Camaras","","camaras|samsung|a30|a40","Es camara completa del equipo, no visor/lente externo de camara."
"3789","TAPA XIAOMI REDMI NOTE 8 PRO GRIS","Tapas","Tapas","","tapas|xiaomi|redmi|note 8 pro",""
"1413","VISOR DE CAMARA SAMSUNG A50","Visor de Camara","Visor de Camara","","visor de camara|samsung|a50|lente camara|vidrio camara","Es visor/lente/vidrio externo de camara. No es camara frontal ni camara trasera completa."
"1414","SOPORTE P/ PLACA RELIFE RL-601LMINI","Herramientas e insumos","Herramientas e insumos","HERRAMIENTAS VARIAS","herramientas e insumos",""
"3741","FLEX POWER + HUELLA SAMSUNG A25/A15 ROSA","Sensor Huella","","","samsung|a25|a15",""
"1424","PORTA SIM SAMSUNG A51 NEGRO","Porta Sim","Porta Sim","","porta sim|samsung|a51",""
"1425","FLEX POWER IPHONE XR","Power Flex","","","iphone",""
"1426","FLEX FLASH IPHONE 15","Flash Flex","","","iphone|15",""
"3081","CAMARA TRASERA SUN IP 7 PLUS","Camaras","Camaras","","camaras|7 plus","Es camara completa del equipo, no visor/lente externo de camara."
"1428","VISOR DE CAMARA MOTO E22","Visor de Camara","Visor de Camara","","visor de camara|moto|e22|lente camara|vidrio camara","Es visor/lente/vidrio externo de camara. No es camara frontal ni camara trasera completa."
"1436","IC DE CARGA IPHONE 14 PRO TIGRIS ","Ic de Carga","","","iphone|14 pro",""
"1373","BRUCELA (PINZA)2UUL TI01 ","Herramientas e insumos","Herramientas e insumos","HERRAMIENTAS VARIAS","herramientas e insumos",""
"3695","BATERÍA VEZR A54/BA546ABY","Baterías","Baterias","","baterias|vezr|a54",""
"1374","DREMEL RELIFE RL-068B","Herramientas e insumos","Herramientas e insumos","","herramientas e insumos",""
"3172","PORTA SIM IPHONE  X NEGRO","Porta Sim","Porta Sim","","porta sim|iphone",""
"1382","MODULO SVC SAMSUNG A23 / M33/ M23 SM","Modulos","Modulos","","modulos|samsung|a23|m33|m23",""
"3727","FLEX HUELLA SAMSUNG  A14 AZUL ","Sensor Huella","","","samsung|a14",""
"1385","SET DESTORNILLADOR RELIFE RL-724A","Herramientas e insumos","Herramientas e insumos","HERRAMIENTAS VARIAS","herramientas e insumos",""
"1388","HOLDER STENCIL PARA CPU YCS","Herramientas e insumos","Herramientas e insumos","","herramientas e insumos",""
"3667","FLEX HOME BEST  NOTE 12 PRO DORADO","Flex home","","","best|note 12 pro",""
"3540","PLACA DE CARGA INFINIX NOTE 30 (4G)","Placa de Carga","Placa de Carga","","placa de carga|note 30",""
"1394","GLASS Z2 PLAY","Glass","Glass","","glass","Es glass/tactil/OCA, no modulo completo de pantalla."
"1397","ALTAVOZ MOTOROLA G14","Parlante","Parlante","","parlante|motorola|moto|g14",""
"1398","VISOR DE CAMARA XI 11T PRO","Visor de Camara","Visor de Camara","","visor de camara|lente camara|vidrio camara","Es visor/lente/vidrio externo de camara. No es camara frontal ni camara trasera completa."
"3311","MODULO VEZR SAMSUNG A04 (A045) S/M","Modulos","Modulos","","modulos|samsung|vezr|a04|a045",""
"1399","GLASS + OCA XIAOMI REDMI 8","Glass","Glass","","glass|xiaomi|redmi|8","Es glass/tactil/OCA, no modulo completo de pantalla."
"1401","PLACA DE CARGA VEZR MOTO EDGE 30 NEO","Placa de Carga","Placa de Carga","","placa de carga|moto|vezr|edge 30 neo",""
"1404","PLACA DE CARGA MOTOROLA G9 POWER","Placa de Carga","Placa de Carga","","placa de carga|motorola|moto|g9 power",""
"1407","ESTACION DE SOLDAR INALAMBRICO SUGON 55G","Herramientas e insumos","Herramientas e insumos","HERRAMIENTAS VARIAS","herramientas e insumos|55g","Producto de herramientas e insumos para tecnico reparador."
"1409","FPC SAMSUNG S22 ","FPC","","","samsung|s22",""
"1415","MODULO VEZR XIAOMI NOTE 13 PRO 4G C/M","Modulos","Modulos","","modulos|xiaomi|vezr|note 13 pro",""
"1418","KIT BLINDAJES IPHONE 14","Blindajes","","","iphone|14",""
"1419","FLEX MAIN VEZR SAMSUNG A34 / A54","Main Flex","Main Flex","","main flex|samsung|vezr|a34|a54",""
"1427","TAPA BLANCA SAMSUNG A32 4G","Tapas","Tapas","","tapas|samsung|a32 4g",""
"3184","CAMARA FRONTAL IPHONE XR","Camaras","Camaras","","camaras|iphone","Es camara completa del equipo, no visor/lente externo de camara."
"1432","FLEX POWER SAMSUNG A04","Power Flex","","","samsung|a04",""
"3378","CAMARA TRASERA SAMSUNG A0","Camaras","Camaras","","camaras|samsung|a0","Es camara completa del equipo, no visor/lente externo de camara."
"1433","Iphone 16 pro max ","Celulares","","","iphone|16 pro max",""
"3335","MODULO SVC A54 C/M","Modulos","Modulos","","modulos|a54",""
"3169","SOCALO DE SIM IPH 11","Socalo de Sim","Glass","","glass|11","Es glass/tactil/OCA, no modulo completo de pantalla."
"1367","CINTA DOBLE FAZ N 3M 0.50","Herramientas e insumos","","","0|50",""
"1369","PLACA DE CARGA VEZR MOTOROLA G14","Placa de Carga","Placa de Carga","","placa de carga|motorola|moto|vezr|g14",""
"1370","MODULO SAMSUNG GALAXY S8 INCELL C/M","Modulos","Modulos","","modulos|samsung|incell|s8",""
"1372","MODULO SUNLONG OLED IPHONE 13","Modulos","Modulos","","modulos|iphone|sunlong|oled|13",""
"1376","PLACA DE CARGA VEZR MOTOROLA G50","Placa de Carga","Placa de Carga","","placa de carga|motorola|moto|vezr|g50",""
"3656","SENSOR HUELLA SAMSUNG A34","Sensor Huella","","","samsung|a34",""
"3681","PLACA DE CARGA SAMSUNG A04 MASTERFIX","Placa de Carga","Placa de Carga","","placa de carga|samsung|masterfix|a04",""
"1380","PLACA DE CARGA XIAOMI REDMI 10 5G TURBO ","Placa de Carga","Placa de Carga","","placa de carga|xiaomi|redmi|turbo|10 5g",""
"3314","MODULO VEZR SAMSUNG A22 5G C/M","Modulos","Modulos","","modulos|samsung|vezr|a22 5g",""
"3415","SPEAKER SM A72","Speaker","Parlante","","parlante|a72",""
"1395","PLACA DE CARGA A50","Placa de Carga","Placa de Carga","","placa de carga|a50",""
"3341","MODULO LCD SPARK 7 (X658) S/M","Modulos","Modulos","","modulos|7",""
"3762","PAQUETE DE LAMINA P/ HIDROGEL ANTI ESPIA","","Glass","","glass",""
"1412","PAD MAGNETICO PARA REBALLING YCS SLD01","Herramientas e insumos","Herramientas e insumos","","herramientas e insumos",""
"1420","GLASS SAMSUNG A40 BLACK","Glass","Glass","","glass|samsung|a40","Es glass/tactil/OCA, no modulo completo de pantalla."
"1422","FLEX SPEAKER SENSOR IPHONE XR","Speaker","Parlante","","parlante|iphone",""
"1423","BATERIA FOXCONN IPHONE 11 PRO","Baterías","Baterias","","baterias|iphone|foxconn|11 pro",""
"1429","MODULO VEZR IPHONE 7 PLUS BLANCO","Modulos","Modulos","","modulos|iphone|vezr|7 plus",""
"1437","BATERIA DIAGNOSTICO  IPHONE 15 PRO MAX ","Baterías","Baterias","","baterias|iphone|15 pro max",""
"3021","BATERIA ORIG CHINO SONY XPERIA M4 AQUA E2303 ","Baterías","Baterias","","baterias|m4",""
"1371","BATERIA VEZR MOTOROLA NG50 G71","Baterías","Baterias","","baterias|motorola|moto|vezr|g71",""
"1377","PORTA SIM IPHONE 11 VERDE","Porta Sim","Porta Sim","","porta sim|iphone|11",""
"1379","BATERIA ND50 VEZR","Baterías","Baterias","","baterias|vezr",""
"1381","VISOR DE CAMARA SAMSUNG S22 / S22 PLUS ","Visor de Camara","Visor de Camara","","visor de camara|samsung|s22|s22 plus|lente camara|vidrio camara","Es visor/lente/vidrio externo de camara. No es camara frontal ni camara trasera completa."
"3658","FLEX HUELLA VEZR MOTO G7 NEGRO","Flex home","","","moto|vezr|g7",""
"1386","MODULO SUNLONG SAMSUNG A32 OLED","Modulos","Modulos","","modulos|samsung|sunlong|oled|a32",""
"3420"," FLEX MOTO E7 POWER","Power Flex","","","moto|e7 power",""
"1391","ALTAVOZ SAMSUNG A12 ","Parlante","Parlante","","parlante|samsung|a12",""
"1392","BOARD JCID  V1S TRUE TONE LCD 12/15","Herramientas e insumos","Modulos","","modulos|jcid|12|15",""
"1393","PLACA DE CARGA EDGE 20 PRO (TURBO)","Placa de Carga","Placa de Carga","","placa de carga|turbo|edge 20 pro",""
"1400","PLACA DE CARGA SPARE PARTS G8 PLAY GENERICO","Placa de Carga","Placa de Carga","","placa de carga|g8 play",""
"1402","VISOR DE CAMARA SAMSUNG A20S","Visor de Camara","Visor de Camara","","visor de camara|samsung|lente camara|vidrio camara","Es visor/lente/vidrio externo de camara. No es camara frontal ni camara trasera completa."
"1405","PLACA DE CARGA XIAOMI RM NOTE 13 5G TURBO ","Placa de Carga","Placa de Carga","","placa de carga|xiaomi|turbo|note 13 5g",""
"1408","BATERIA NO-POP-UP IPHONE 12 PRO","Baterías","Baterias","","baterias|iphone|12 pro",""
"1410","MODULO SUNLONG IPHONE 12/12 PRO OLED","Modulos","Modulos","","modulos|iphone|sunlong|oled|12|12 pro",""
"1411","ESPATULA DE APERTURA RELIFE RL-050 ","Herramientas e insumos","Herramientas e insumos","","herramientas e insumos|050",""
"1416","PLACA DE CARGA BEST MOTO G10 POWER","Placa de Carga","Placa de Carga","","placa de carga|moto|best|g10 power",""
"3321","MODULO VEZR SAMSUNG A14 C/M","Modulos","Modulos","","modulos|samsung|vezr|a14",""
"1417","ALTAVOZ SAMSUNG A02S","Parlante","Parlante","","parlante|samsung",""
"3146","FLEX POWER VEZR IPHONE 15 PRO","Power Flex","","","iphone|vezr|15 pro",""
"1421","PORTA SIM Y PORTA SSD SAMSUNG  J600 DORADO0","Porta Sim","Porta Sim","","porta sim|samsung|j600",""
"1430","VIDRIO OCA IPHONE 8 PLUS","Glass","Glass","","glass|iphone|8 plus","Es glass/tactil/OCA, no modulo completo de pantalla."
"1431","MULTICARGADOR MEGA-IDEA B640 ","Herramientas e insumos","Accesorios","","accesorios",""
"1434","MODULO OLED MOTO E20 S/M ","Modulos","Modulos","","modulos|moto|oled|e20",""
"1435","CAMARA FRONTAL SAMSUNG A24","Camaras","Camaras","","camaras|samsung|a24","Es camara completa del equipo, no visor/lente externo de camara."
"1441","FLEX POWER ZTE BLADE A3 LITE ","Power Flex","","","zte|a3 lite",""
"1448","PLACA DE CARGA XIAOMI REDMI 12 5G TURBO","Placa de Carga","Placa de Carga","","placa de carga|xiaomi|redmi|turbo|12 5g",""
"1450","TAPAS MOTOROLA G72 NEGRO","Tapas","Tapas","","tapas|motorola|moto|g72",""
"1452","PORTA SIM IPHONE 11 ROJO","Porta Sim","Porta Sim","","porta sim|iphone|11",""
"1454","BATERIA FOXCONN IPHONE 11","Baterías","Baterias","","baterias|iphone|foxconn|11",""
"1458","MODULO VEZR SAMSUNG A11 S/M","Modulos","Modulos","","modulos|samsung|vezr|a11",""
"3651","FLEX HUELLA A20 NEGRO","Sensor Huella","","","a20",""
"1463","MODULO LCD HUAWEI P SMART 2019 S/M","Modulos","Modulos","","modulos|huawei",""
"1464","PORTA SIM SAMSUNG A04S VERDE","Porta Sim","Porta Sim","","porta sim|samsung",""
"3399","CAMARA DELANTERA SM J710","Camaras","Camaras","","camaras|j710","Es camara completa del equipo, no visor/lente externo de camara."
"3159","ANTENA WIFI IPH 8 PLUS","Antenas","","","8 plus",""
"1477","BATERIA MECHANIC SAMSUNG A25 / EB-BA256BS","Baterías","Baterias","","baterias|samsung|mechanic|a25",""
"3731","FLEX POWER + HUELLA SAMSUNG A25 BLANCO","Power Flex","","","samsung|a25",""
"1480","KIT BLINDAJES IPHONE 16 PRO ","Blindajes","","","iphone|16 pro",""
"1484","FLEX HUELLA SAMSUNG A06  GRIS","Flex home","","","samsung|a06",""
"3054","TAPAS SAMSUNG A04S VERDE","Tapas","Tapas","","tapas|samsung",""
"1487","MODULO SAMSUNG GALAXY S8 PLUS INCELL C/M","Modulos","Modulos","","modulos|samsung|incell|s8 plus",""
"3761","PAQUETE DE LAMINA P/ HIDROGEL GRIFFIN MATE ","","Glass","","glass",""
"1488","TAPAS SAMSUNG A22 4G NEGRO","Tapas","Tapas","","tapas|samsung|a22 4g",""
"3528","PLACA DE CARGA XIAOMI REDMI NOTE 7 (AAA)","Placa de Carga","Placa de Carga","","placa de carga|xiaomi|redmi|aaa|note 7",""
"3280","MODULO OLED MOTO G4 PLUS BLANCO C/M","Modulos","Modulos","","modulos|moto|oled|g4 plus",""
"1494","PLACA DE CARGA SAMSUNG A50(AAA)","Placa de Carga","Placa de Carga","","placa de carga|samsung|aaa|a50",""
"1495","CAMARA FRONTAL SAMSUNG A31","Camaras","Camaras","","camaras|samsung|a31","Es camara completa del equipo, no visor/lente externo de camara."
"3777","BATERIA MECHANIC SAMSUNG S22 / EB-BS901ABY","Baterías","Baterias","","baterias|samsung|mechanic|s22",""
"3712","CHASIS IPHONE 13 PRO DORADO","Chasis","Chasis","","chasis|iphone|13 pro",""
"1498","TAPA DE IPHONE 16 NEGRO CON MAGSAFE","Tapas","Tapas","","tapas|iphone|16",""
"1447","FLEX POWER ZTE BLADE A53 PLUS ","Power Flex","","","zte|a53 plus",""
"3792","POWER FLEX REDMI NOTE 7 / 8 ","Power Flex","","","redmi|note 7|8",""
"1455","KIT DE BLINDAJES IPHONE 14 PRO MAX","Blindajes","","","iphone|14 pro max",""
"1456","KIT DESTORNILLADORES KAISI K-3022A","Herramientas e insumos","Herramientas e insumos","HERRAMIENTAS VARIAS","herramientas e insumos",""